"","t(df2)","Pos","Ref","Alt","Freq","t(df)"
"1",0.982080588666525,"4454","T","A,C","0",NA
"2",NA,"57","T","C,G","0.00523560209424084",0.982241633441614
"3",NA,"57","T","C,G","0.00130890052356021",0.991848110268923
"4",NA,"72","T","C,G","0.0379581151832461",0.830810160149394
"5",NA,"72","T","C,G","0.00130890052356021",0.977437775168385
"6",NA,"185","G","A,T","0.0602094240837696",0.21725085500972
"7",NA,"185","G","A,T","0.00261780104712042",0.98296588739031
"8",NA,"186","C","A,T","0.00130890052356021",0.987871248194782
"9",NA,"186","C","A,T","0.00130890052356021",0.988220954813562
"10",NA,"189","A","C,G","0.00130890052356021",0.981493993915108
"11",NA,"189","A","C,G","0.0327225130890052",0.989769941956518
"12",NA,"195","T","A,C","0.00130890052356021",0.979468217405368
"13",NA,"195","T","A,C","0.181937172774869",0.838551870890834
"14",NA,"247","GA","AA,G","0.00654450261780105",0.980960461907642
"15",NA,"247","GA","AA,G","0.00654450261780105",0.981954362736825
"16",NA,"316","G","A,C","0.00261780104712042",0.981443144913174
"17",NA,"316","G","A,C","0.00130890052356021",0.987140202846579
"18",NA,"451","AT","ATT,A","0.00785340314136126",0.145858419558164
"19",NA,"451","AT","ATT,A","0.00130890052356021",0.982390250485877
"20",NA,"567","A","AC,ACC","0.0143979057591623",0.262041712836675
"21",NA,"567","A","AC,ACC","0.00523560209424084",0.977115286414015
"22",NA,"723","A","C,G","0.00130890052356021",0.981589352540234
"23",NA,"723","A","C,G","0.00654450261780105",0.483107780060046
"24",NA,"1811","A","C,G","0.00130890052356021",0.981826347911074
"25",NA,"1811","A","C,G","0.130890052356021",0.175331648980909
"26",NA,"2393","CA","TA,C","0.00130890052356021",0.986946288120999
"27",NA,"2393","CA","TA,C","0.00261780104712042",0.98143407062653
"28",NA,"2404","T","C,TC","0.00261780104712042",0.756725390048633
"29",NA,"2404","T","C,TC","0.00130890052356021",0.982686281426834
"30",NA,"3308","T","C,G","0.00261780104712042",0.982930501757532
"31",NA,"3308","T","C,G","0.00130890052356021",0.985470309737343
"32",NA,"3507","C","A,T","0.00130890052356021",0.986199333332887
"33",NA,"3507","C","A,T","0.00130890052356021",0.984977198112199
"34",NA,"3552","T","A,C","0.00392670157068063",0.986809841611567
"35",NA,"3552","T","A,C","0.00523560209424084",0.98157752905607
"36",NA,"3573","C","A,T","0.00130890052356021",0.985232412113643
"37",NA,"3573","C","A,T","0.00130890052356021",0.988246868359998
"38",NA,"3796","A","G,T","0.0196335078534031",0.092510161002016
"39",NA,"3796","A","G,T","0.00130890052356021",0.979857394587868
"40",NA,"3834","G","A,C","0.00261780104712042",0.591747785759244
"41",NA,"3834","G","A,C","0.00130890052356021",0.981616832426205
"42",NA,"3921","C","A,T","0.00654450261780105",0.847507303036103
"43",NA,"3921","C","A,T","0.00130890052356021",0.980679245713011
"44",NA,"4317","AC","GC,A","0.00130890052356021",0.985558626234063
"45",NA,"4317","AC","GC,A","0.00130890052356021",0.986834937490971
"46",NA,"4823","T","A,C","0.00261780104712042",0.982649313197714
"47",NA,"4823","T","A,C","0.00130890052356021",0.480436247559782
"48",NA,"5054","G","A,C","0.00785340314136126",0.992346132934256
"49",NA,"5054","G","A,C","0.00130890052356021",0.983934184831947
"50",NA,"6221","T","A,C","0.00523560209424084",0.981501807423409
"51",NA,"6221","T","A,C","0.00130890052356021",0.798301898765217
"52",NA,"6962","G","A,T","0.0196335078534031",0.9794658093043
"53",NA,"6962","G","A,T","0.00130890052356021",0.749397647331354
"54",NA,"7681","C","A,T","0.00261780104712042",0.988669187532585
"55",NA,"7681","C","A,T","0.00130890052356021",0.986685193535846
"56",NA,"10326","T","A,C","0.00130890052356021",0.988478136325267
"57",NA,"10326","T","A,C","0.00130890052356021",0.988018731718024
"58",NA,"10463","T","A,C","0.00130890052356021",0.981906725163747
"59",NA,"10463","T","A,C","0.00130890052356021",0.428100672695832
"60",NA,"10586","G","A,C","0.103403141361257",0.98146278456937
"61",NA,"10586","G","A,C","0.00261780104712042",0.986602429681989
"62",NA,"10754","A","C,G","0.00130890052356021",0.988789768234303
"63",NA,"10754","A","C,G","0.00130890052356021",0.988239371107788
"64",NA,"11122","C","A,T","0.00130890052356021",0.988530862148212
"65",NA,"11122","C","A,T","0.00130890052356021",0.986605978594194
"66",NA,"12633","C","A,T","0.00130890052356021",0.919528344991406
"67",NA,"12633","C","A,T","0.024869109947644",0.980666716759297
"68",NA,"12950","A","C,G","0.00130890052356021",0.986735901620886
"69",NA,"12950","A","C,G","0.00130890052356021",0.987218741663643
"70",NA,"13020","T","A,C","0.00130890052356021",0.980673885299526
"71",NA,"13020","T","A,C","0.00130890052356021",0.202031582554279
"72",NA,"13651","A","G,T","0.0157068062827225",0.988186017279409
"73",NA,"13651","A","G,T","0.00130890052356021",0.988549973160973
"74",NA,"13710","A","G,T","0.00130890052356021",0.850774985807895
"75",NA,"13710","A","G,T","0.00654450261780105",0.981993279846601
"76",NA,"13914","C","A,T","0.00130890052356021",0.429920263182233
"77",NA,"13914","C","A,T","0.00523560209424084",0.982345693636619
"78",NA,"14118","A","C,G","0.00130890052356021",0.988320829345819
"79",NA,"14118","A","C,G","0.00130890052356021",0.987075324518464
"80",NA,"14470","T","A,C","0.00130890052356021",0.834818473835725
"81",NA,"14470","T","A,C","0.0104712041884817",0.509259391767218
"82",NA,"14577","T","C,G","0.0157068062827225",0.98859247988155
"83",NA,"14577","T","C,G","0.00130890052356021",0.986388959107743
"84",NA,"14869","G","A,C","0.00130890052356021",0.793978605798592
"85",NA,"14869","G","A,C","0.00523560209424084",0.982389712419063
